x;y;date
0;0;23/01/2016
11;1;18/02/2016
28;1;22/02/2016
10;1;25/02/2016
21;2;15/03/2016
33;1;16/03/2016
21;1;19/03/2016
37;1;21/03/2016
8;1;25/03/2016
10;1;26/03/2016
40;1;21/04/2016
43;2;22/04/2016
43;1;04/05/2016
43;1;06/05/2016
43;1;11/05/2016
43;1;13/05/2016
29;2;14/05/2016
81;1;18/05/2016
12;2;28/05/2016
34;1;01/06/2016
48;2;02/06/2016
24;1;05/06/2016
66;1;08/06/2016
56;2;14/06/2016
50;1;20/06/2016
43;1;22/06/2016
53;1;23/06/2016
42;2;27/06/2016
72;2;28/06/2016
64;1;29/06/2016
19;2;02/07/2016
42;1;04/07/2016
51;1;05/07/2016
37;1;08/07/2016
32;1;09/07/2016
51;1;10/07/2016
114;1;11/07/2016
38;1;14/07/2016
19;1;16/07/2016
33;1;17/07/2016
73;1;18/07/2016
56;1;19/07/2016
47;1;21/07/2016
40;1;24/07/2016
68;2;26/07/2016
52;1;27/07/2016
49;1;29/07/2016
83;1;08/08/2016
69;1;09/08/2016
79;1;11/08/2016
26;2;13/08/2016
29;1;14/08/2016
152;4;19/08/2016
73;2;20/08/2016
98;1;23/08/2016
94;2;24/08/2016
114;2;25/08/2016
51;2;27/08/2016
102;2;29/08/2016
109;4;01/09/2016
155;2;02/09/2016
57;1;03/09/2016
91;2;04/09/2016
129;3;05/09/2016
114;2;06/09/2016
134;1;07/09/2016
218;10;08/09/2016
180;6;09/09/2016
83;1;10/09/2016
118;2;11/09/2016
159;3;12/09/2016
208;3;13/09/2016
257;5;14/09/2016
173;5;15/09/2016
209;5;16/09/2016
126;6;17/09/2016
149;3;18/09/2016
302;2;19/09/2016
266;1;20/09/2016
382;9;21/09/2016
271;4;22/09/2016
342;2;23/09/2016
181;4;24/09/2016
179;3;25/09/2016
319;6;26/09/2016
367;6;27/09/2016
405;7;28/09/2016
267;3;29/09/2016
340;2;30/09/2016
197;1;01/10/2016
180;5;02/10/2016
390;3;03/10/2016
464;10;04/10/2016
517;14;05/10/2016
414;8;06/10/2016
677;10;07/10/2016
335;7;08/10/2016
300;9;09/10/2016
444;9;10/10/2016
633;12;11/10/2016
540;4;12/10/2016
490;7;13/10/2016
416;10;14/10/2016
381;8;15/10/2016
338;12;16/10/2016
623;9;17/10/2016
505;7;18/10/2016
638;11;19/10/2016
614;10;20/10/2016
666;6;21/10/2016
349;6;22/10/2016
405;10;23/10/2016
680;7;24/10/2016
572;13;25/10/2016
712;8;26/10/2016
637;10;27/10/2016
606;8;28/10/2016
493;8;29/10/2016
357;7;30/10/2016
730;11;31/10/2016
614;10;01/11/2016
720;10;02/11/2016
680;11;03/11/2016
721;12;04/11/2016
608;2;05/11/2016
487;16;06/11/2016
596;10;07/11/2016
680;13;08/11/2016
703;8;09/11/2016
738;10;10/11/2016
818;9;11/11/2016
499;4;12/11/2016
614;6;13/11/2016
793;6;14/11/2016
952;13;15/11/2016
1033;9;16/11/2016
957;10;17/11/2016
850;14;18/11/2016
613;6;19/11/2016
678;9;20/11/2016
906;9;21/11/2016
981;7;22/11/2016
990;6;23/11/2016
932;7;24/11/2016
901;4;25/11/2016
572;8;26/11/2016
699;15;27/11/2016
985;7;28/11/2016
881;10;29/11/2016
1005;10;30/11/2016
789;8;01/12/2016
919;14;02/12/2016
507;11;03/12/2016
548;7;04/12/2016
806;9;05/12/2016
996;8;06/12/2016
908;8;07/12/2016
859;9;08/12/2016
851;14;09/12/2016
661;3;10/12/2016
623;10;11/12/2016
1043;16;12/12/2016
1085;13;13/12/2016
1187;10;14/12/2016
1030;12;15/12/2016
977;10;16/12/2016
857;12;17/12/2016
835;11;18/12/2016
1192;8;19/12/2016
1038;9;20/12/2016
998;12;21/12/2016
916;9;22/12/2016
583;7;23/12/2016
470;9;24/12/2016
444;2;25/12/2016
507;4;26/12/2016
702;10;27/12/2016
879;12;28/12/2016
807;8;29/12/2016
824;5;30/12/2016
319;5;31/12/2016
454;6;01/01/2017
788;9;02/01/2017
742;12;03/01/2017
924;9;04/01/2017
922;15;05/01/2017
911;7;06/01/2017
529;11;07/01/2017
616;7;08/01/2017
970;12;09/01/2017
964;16;10/01/2017
1034;7;11/01/2017
959;9;12/01/2017
1121;14;13/01/2017
718;11;14/01/2017
701;11;15/01/2017
1204;14;16/01/2017
1097;12;17/01/2017
1165;12;18/01/2017
1330;10;19/01/2017
900;6;20/01/2017
725;8;21/01/2017
810;14;22/01/2017
1032;9;23/01/2017
1065;12;24/01/2017
1017;10;25/01/2017
1187;14;26/01/2017
1089;10;27/01/2017
786;5;28/01/2017
692;5;29/01/2017
1323;12;30/01/2017
1297;15;31/01/2017
1353;15;01/02/2017
1288;18;02/02/2017
1345;10;03/02/2017
959;19;04/02/2017
914;5;05/02/2017
1510;12;06/02/2017
1314;13;07/02/2017
1600;19;08/02/2017
1277;16;09/02/2017
1399;20;10/02/2017
1191;12;11/02/2017
1023;18;12/02/2017
1798;23;13/02/2017
1317;12;14/02/2017
1454;13;15/02/2017
1434;17;16/02/2017
1506;19;17/02/2017
1129;17;18/02/2017
968;11;19/02/2017
1542;16;20/02/2017
1681;16;21/02/2017
1385;12;22/02/2017
1412;21;23/02/2017
1520;21;24/02/2017
1047;16;25/02/2017
1046;13;26/02/2017
2011;26;27/02/2017
1565;20;28/02/2017
1416;9;01/03/2017
1287;19;02/03/2017
1525;14;03/03/2017
926;16;04/03/2017
1057;9;05/03/2017
1500;13;06/03/2017
1519;23;07/03/2017
1723;12;08/03/2017
1590;14;09/03/2017
1483;12;10/03/2017
1063;8;11/03/2017
905;6;12/03/2017
1627;16;13/03/2017
1433;13;14/03/2017
1692;17;15/03/2017
1452;14;16/03/2017
1311;12;17/03/2017
1056;10;18/03/2017
1045;13;19/03/2017
1775;22;20/03/2017
1474;14;21/03/2017
1894;21;22/03/2017
1542;19;23/03/2017
1533;14;24/03/2017
879;12;25/03/2017
1004;7;26/03/2017
1577;13;27/03/2017
1492;20;28/03/2017
1613;13;29/03/2017
1554;12;30/03/2017
1300;16;31/03/2017
917;11;01/04/2017
911;8;02/04/2017
1652;17;03/04/2017
1460;13;04/04/2017
1512;8;05/04/2017
1715;14;06/04/2017
1609;15;07/04/2017
874;12;08/04/2017
894;10;09/04/2017
1493;18;10/04/2017
1507;12;11/04/2017
1568;12;12/04/2017
1265;14;13/04/2017
1068;10;14/04/2017
665;12;15/04/2017
748;9;16/04/2017
1105;13;17/04/2017
1216;20;18/04/2017
1990;21;19/04/2017
1849;22;20/04/2017
1744;17;21/04/2017
1054;14;22/04/2017
1207;10;23/04/2017
1813;15;24/04/2017
1798;23;25/04/2017
2013;26;26/04/2017
1672;12;27/04/2017
1597;10;28/04/2017
1063;15;29/04/2017
1046;6;30/04/2017
1558;8;01/05/2017
1438;11;02/05/2017
1789;18;03/05/2017
1553;20;04/05/2017
1588;12;05/05/2017
902;14;06/05/2017
1158;17;07/05/2017
1651;19;08/05/2017
1692;20;09/05/2017
2116;13;10/05/2017
1947;11;11/05/2017
1960;30;12/05/2017
1236;12;13/05/2017
1280;20;14/05/2017
2013;12;15/05/2017
1727;20;16/05/2017
2321;22;17/05/2017
2152;27;18/05/2017
2081;25;19/05/2017
1117;11;20/05/2017
1240;15;21/05/2017
2301;19;22/05/2017
1943;23;23/05/2017
2054;23;24/05/2017
1629;18;25/05/2017
1750;23;26/05/2017
1073;21;27/05/2017
1020;11;28/05/2017
1690;19;29/05/2017
2032;13;30/05/2017
2226;14;31/05/2017
1776;25;01/06/2017
1760;26;02/06/2017
1094;11;03/06/2017
1108;8;04/06/2017
1874;26;05/06/2017
1753;11;06/06/2017
1785;14;07/06/2017
1879;22;08/06/2017
1846;7;09/06/2017
1681;35;10/06/2017
1595;17;11/06/2017
2301;17;12/06/2017
1839;14;13/06/2017
2022;21;14/06/2017
1837;20;15/06/2017
1755;18;16/06/2017
1488;6;17/06/2017
1377;14;18/06/2017
2098;26;19/06/2017
1882;14;20/06/2017
2105;17;21/06/2017
1768;19;22/06/2017
1970;19;23/06/2017
1093;13;24/06/2017
1037;12;25/06/2017
1923;8;26/06/2017
1705;8;27/06/2017
1844;13;28/06/2017
1497;19;29/06/2017
1657;18;30/06/2017
1527;26;01/07/2017
1094;20;02/07/2017
1842;23;03/07/2017
1524;11;04/07/2017
2012;24;05/07/2017
1922;22;06/07/2017
1943;18;07/07/2017
969;12;08/07/2017
1232;10;09/07/2017
2069;18;10/07/2017
1896;20;11/07/2017
2048;9;12/07/2017
1781;16;13/07/2017
1735;12;14/07/2017
1065;7;15/07/2017
1079;12;16/07/2017
2081;12;17/07/2017
2086;23;18/07/2017
2131;15;19/07/2017
1870;16;20/07/2017
1465;10;21/07/2017
958;20;22/07/2017
1256;13;23/07/2017
2183;18;24/07/2017
1862;18;25/07/2017
2014;23;26/07/2017
1938;18;27/07/2017
1610;14;28/07/2017
930;8;29/07/2017
1083;10;30/07/2017
1758;16;31/07/2017
1806;11;01/08/2017
1659;9;02/08/2017
1661;11;03/08/2017
1483;14;04/08/2017
948;14;05/08/2017
968;9;06/08/2017
1603;13;07/08/2017
1850;15;08/08/2017
1683;15;09/08/2017
1729;20;10/08/2017
1408;12;11/08/2017
919;11;12/08/2017
1034;11;13/08/2017
1769;11;14/08/2017
1855;9;15/08/2017
2213;14;16/08/2017
1868;17;17/08/2017
1957;15;18/08/2017
1240;10;19/08/2017
1196;12;20/08/2017
1924;19;21/08/2017
1952;21;22/08/2017
1992;17;23/08/2017
1838;17;24/08/2017
1812;25;25/08/2017
1087;12;26/08/2017
1136;3;27/08/2017
1905;14;28/08/2017
1991;30;29/08/2017
2055;17;30/08/2017
1689;15;31/08/2017
1897;15;01/09/2017
1089;12;02/09/2017
964;16;03/09/2017
1813;19;04/09/2017
1691;11;05/09/2017
2118;19;06/09/2017
1935;11;07/09/2017
2207;19;08/09/2017
1107;7;09/09/2017
1268;22;10/09/2017
2002;16;11/09/2017
1962;13;12/09/2017
2377;14;13/09/2017
2220;22;14/09/2017
1913;12;15/09/2017
1119;8;16/09/2017
1259;12;17/09/2017
2281;20;18/09/2017
2144;24;19/09/2017
2165;27;20/09/2017
2208;16;21/09/2017
2155;15;22/09/2017
1213;12;23/09/2017
1172;14;24/09/2017
1798;13;25/09/2017
2249;20;26/09/2017
2010;21;27/09/2017
1994;19;28/09/2017
1981;23;29/09/2017
1217;8;30/09/2017
1266;11;01/10/2017
2311;23;02/10/2017
2131;18;03/10/2017
2319;23;04/10/2017
2033;19;05/10/2017
2130;19;06/10/2017
1295;3;07/10/2017
1307;17;08/10/2017
1985;14;09/10/2017
1912;12;10/10/2017
2382;15;11/10/2017
2060;16;12/10/2017
2180;13;13/10/2017
1328;13;14/10/2017
1256;19;15/10/2017
2344;26;16/10/2017
2054;20;17/10/2017
2222;20;18/10/2017
1995;20;19/10/2017
2260;24;20/10/2017
1187;12;21/10/2017
1406;8;22/10/2017
2015;12;23/10/2017
2090;16;24/10/2017
2098;16;25/10/2017
2409;25;26/10/2017
1566;19;27/10/2017
1104;9;28/10/2017
1420;19;29/10/2017
2284;11;30/10/2017
2259;18;31/10/2017
2105;17;01/11/2017
2322;14;02/11/2017
2320;10;03/11/2017
1439;15;04/11/2017
1507;13;05/11/2017
2461;11;06/11/2017
2575;16;07/11/2017
2196;21;08/11/2017
2243;21;09/11/2017
2287;22;10/11/2017
1358;12;11/11/2017
1636;14;12/11/2017
2477;20;13/11/2017
2434;20;14/11/2017
2512;24;15/11/2017
2578;25;16/11/2017
2440;17;17/11/2017
1270;11;18/11/2017
1539;9;19/11/2017
2465;17;20/11/2017
2280;22;21/11/2017
2634;16;22/11/2017
2179;15;23/11/2017
2224;16;24/11/2017
1539;7;25/11/2017
1559;7;26/11/2017
2386;14;27/11/2017
2269;23;28/11/2017
2568;15;29/11/2017
2338;25;30/11/2017
1997;12;01/12/2017
1403;8;02/12/2017
1575;16;03/12/2017
2297;14;04/12/2017
2314;19;05/12/2017
2312;24;06/12/2017
2395;23;07/12/2017
2124;14;08/12/2017
1387;20;09/12/2017
1517;15;10/12/2017
2409;22;11/12/2017
2506;19;12/12/2017
2243;16;13/12/2017
2180;21;14/12/2017
1795;14;15/12/2017
1213;9;16/12/2017
1309;17;17/12/2017
2386;16;18/12/2017
2295;9;19/12/2017
2561;20;20/12/2017
2161;23;21/12/2017
1967;7;22/12/2017
1198;10;23/12/2017
1223;11;24/12/2017
1375;10;25/12/2017
1608;19;26/12/2017
1768;20;27/12/2017
1907;11;28/12/2017
1561;15;29/12/2017
1030;13;30/12/2017
835;11;31/12/2017
1153;11;01/01/2018
2043;18;02/01/2018
1929;16;03/01/2018
2119;14;04/01/2018
1812;20;05/01/2018
1151;7;06/01/2018
1287;15;07/01/2018
2441;16;08/01/2018
2337;20;09/01/2018
2994;20;10/01/2018
2519;26;11/01/2018
2252;17;12/01/2018
1357;13;13/01/2018
1614;11;14/01/2018
2509;27;15/01/2018
2407;26;16/01/2018
3099;30;17/01/2018
2523;26;18/01/2018
2150;19;19/01/2018
1401;20;20/01/2018
1354;13;21/01/2018
3219;25;22/01/2018
3175;30;23/01/2018
2798;20;24/01/2018
2368;24;25/01/2018
2661;19;26/01/2018
1639;13;27/01/2018
1664;17;28/01/2018
3177;30;29/01/2018
2680;24;30/01/2018
2973;35;31/01/2018
2867;22;01/02/2018
2960;27;02/02/2018
1848;12;03/02/2018
2213;5;04/02/2018
3197;17;05/02/2018
3001;19;06/02/2018
3476;19;07/02/2018
2977;25;08/02/2018
2675;21;09/02/2018
1911;16;10/02/2018
1886;21;11/02/2018
3048;27;12/02/2018
2718;15;13/02/2018
3165;20;14/02/2018
3024;23;15/02/2018
2698;23;16/02/2018
1725;19;17/02/2018
2546;25;18/02/2018
3148;28;19/02/2018
3266;21;20/02/2018
3340;32;21/02/2018
3099;18;22/02/2018
2999;27;23/02/2018
2108;24;24/02/2018
2112;11;25/02/2018
3111;25;26/02/2018
3277;24;27/02/2018
3267;19;28/02/2018
2830;16;01/03/2018
2856;16;02/03/2018
2031;12;03/03/2018
2080;21;04/03/2018
3052;22;05/03/2018
3104;26;06/03/2018
3484;23;07/03/2018
3044;24;08/03/2018
3092;24;09/03/2018
2126;20;10/03/2018
1909;20;11/03/2018
3549;35;12/03/2018
3198;29;13/03/2018
3738;24;14/03/2018
3609;33;15/03/2018
3068;26;16/03/2018
1739;19;17/03/2018
2188;17;18/03/2018
3777;24;19/03/2018
3801;29;20/03/2018
3942;21;21/03/2018
3499;32;22/03/2018
3379;32;23/03/2018
2010;22;24/03/2018
2247;25;25/03/2018
4085;44;26/03/2018
3722;32;27/03/2018
3333;26;28/03/2018
3478;17;29/03/2018
2660;20;30/03/2018
1912;24;31/03/2018
2216;21;01/04/2018
3269;28;02/04/2018
3426;34;03/04/2018
3685;28;04/04/2018
3551;30;05/04/2018
3047;17;06/04/2018
1513;16;07/04/2018
1886;24;08/04/2018
3251;27;09/04/2018
3280;27;10/04/2018
4135;27;11/04/2018
3855;38;12/04/2018
3656;38;13/04/2018
2256;19;14/04/2018
2490;16;15/04/2018
3924;25;16/04/2018
3959;22;17/04/2018
4169;37;18/04/2018
3796;27;19/04/2018
3967;34;20/04/2018
2267;11;21/04/2018
2523;24;22/04/2018
4692;31;23/04/2018
3883;24;24/04/2018
4330;37;25/04/2018
4330;26;26/04/2018
3854;25;27/04/2018
1939;18;28/04/2018
2414;23;29/04/2018
3743;32;30/04/2018
3283;18;01/05/2018
3923;25;02/05/2018
3626;25;03/05/2018
3407;21;04/05/2018
2107;19;05/05/2018
2319;15;06/05/2018
3721;26;07/05/2018
3896;41;08/05/2018
3865;27;09/05/2018
3874;40;10/05/2018
3762;28;11/05/2018
1818;16;12/05/2018
2500;18;13/05/2018
4197;21;14/05/2018
3893;19;15/05/2018
4237;27;16/05/2018
3604;35;17/05/2018
3717;28;18/05/2018
2112;20;19/05/2018
2269;26;20/05/2018
4203;31;21/05/2018
4043;35;22/05/2018
5006;43;23/05/2018
3852;33;24/05/2018
3676;29;25/05/2018
2353;26;26/05/2018
2230;29;27/05/2018
3974;38;28/05/2018
3934;44;29/05/2018
5054;34;30/05/2018
3945;40;31/05/2018
3482;42;01/06/2018
1882;33;02/06/2018
2252;25;03/06/2018
4526;33;04/06/2018
4288;39;05/06/2018
4241;32;06/06/2018
4532;44;07/06/2018
4140;33;08/06/2018
2041;23;09/06/2018
2434;29;10/06/2018
4618;46;11/06/2018
4785;51;12/06/2018
4669;44;13/06/2018
4434;36;14/06/2018
3881;30;15/06/2018
2182;28;16/06/2018
2307;26;17/06/2018
4514;27;18/06/2018
4792;23;19/06/2018
4886;36;20/06/2018
4566;40;21/06/2018
3924;34;22/06/2018
1831;18;23/06/2018
2319;20;24/06/2018
4474;36;25/06/2018
4214;32;26/06/2018
4462;31;27/06/2018
3967;35;28/06/2018
3608;28;29/06/2018
1900;20;30/06/2018
2028;11;01/07/2018
4260;31;02/07/2018
3769;37;03/07/2018
4043;38;04/07/2018
3946;42;05/07/2018
3084;21;06/07/2018
1659;16;07/07/2018
1983;24;08/07/2018
4267;44;09/07/2018
4154;43;10/07/2018
4443;30;11/07/2018
3969;29;12/07/2018
3927;30;13/07/2018
2049;26;14/07/2018
1933;22;15/07/2018
4410;28;16/07/2018
4298;30;17/07/2018
5035;36;18/07/2018
4439;39;19/07/2018
4039;34;20/07/2018
2099;23;21/07/2018
2302;28;22/07/2018
4794;35;23/07/2018
4395;45;24/07/2018
4563;42;25/07/2018
4077;42;26/07/2018
3814;28;27/07/2018
1983;21;28/07/2018
2333;20;29/07/2018
4583;29;30/07/2018
4215;44;31/07/2018
3873;45;01/08/2018
4013;24;02/08/2018
3390;22;03/08/2018
1839;19;04/08/2018
2106;30;05/08/2018
3958;31;06/08/2018
3770;28;07/08/2018
3729;31;08/08/2018
3576;37;09/08/2018
3623;41;10/08/2018
1980;16;11/08/2018
2067;31;12/08/2018
4504;28;13/08/2018
4060;28;14/08/2018
4221;28;15/08/2018
3979;31;16/08/2018
3903;32;17/08/2018
2154;70;18/08/2018
2367;32;19/08/2018
4564;57;20/08/2018
4205;32;21/08/2018
4310;45;22/08/2018
4769;46;23/08/2018
3924;43;24/08/2018
1921;22;25/08/2018
2245;27;26/08/2018
4615;43;27/08/2018
4961;43;28/08/2018
5076;38;29/08/2018
5049;46;30/08/2018
4114;29;31/08/2018
2110;21;01/09/2018
2612;29;02/09/2018
4395;31;03/09/2018
4233;28;04/09/2018
4904;43;05/09/2018
4421;21;06/09/2018
4057;37;07/09/2018
2197;14;08/09/2018
2646;25;09/09/2018
4799;28;10/09/2018
4730;47;11/09/2018
5158;46;12/09/2018
4422;35;13/09/2018
4141;25;14/09/2018
2404;27;15/09/2018
2621;28;16/09/2018
5292;38;17/09/2018
5637;31;18/09/2018
5762;55;19/09/2018
4837;36;20/09/2018
4463;33;21/09/2018
2296;27;22/09/2018
2708;38;23/09/2018
5031;43;24/09/2018
4888;44;25/09/2018
5013;44;26/09/2018
4595;36;27/09/2018
4200;30;28/09/2018
2385;25;29/09/2018
2432;29;30/09/2018
4432;39;01/10/2018
4126;25;02/10/2018
4839;25;03/10/2018
4375;30;04/10/2018
4274;35;05/10/2018
2114;22;06/10/2018
2502;24;07/10/2018
5119;42;08/10/2018
4682;34;09/10/2018
5266;21;10/10/2018
4805;36;11/10/2018
3958;35;12/10/2018
2246;15;13/10/2018
2717;28;14/10/2018
5199;26;15/10/2018
5176;37;16/10/2018
5277;35;17/10/2018
5493;28;18/10/2018
5004;25;19/10/2018
2758;22;20/10/2018
2696;20;21/10/2018
5426;23;22/10/2018
5225;39;23/10/2018
5931;40;24/10/2018
5114;49;25/10/2018
4616;42;26/10/2018
2458;20;27/10/2018
2855;27;28/10/2018
5376;39;29/10/2018
5611;40;30/10/2018
5529;41;31/10/2018
5188;32;01/11/2018
4436;27;02/11/2018
2468;31;03/11/2018
3086;40;04/11/2018
4684;26;05/11/2018
4581;34;06/11/2018
4927;35;07/11/2018
4514;26;08/11/2018
3800;31;09/11/2018
2583;25;10/11/2018
2470;26;11/11/2018
4292;32;12/11/2018
5366;23;13/11/2018
5195;47;14/11/2018
5409;41;15/11/2018
4960;31;16/11/2018
3180;16;17/11/2018
3558;36;18/11/2018
5370;43;19/11/2018
5041;41;20/11/2018
5634;40;21/11/2018
4366;34;22/11/2018
4355;30;23/11/2018
2539;32;24/11/2018
2918;33;25/11/2018
5739;27;26/11/2018
5681;49;27/11/2018
5418;35;28/11/2018
5233;36;29/11/2018
4619;40;30/11/2018
2728;24;01/12/2018
3001;39;02/12/2018
5465;27;03/12/2018
5216;53;04/12/2018
5168;31;05/12/2018
4911;45;06/12/2018
4273;18;07/12/2018
2674;20;08/12/2018
3069;28;09/12/2018
5173;30;10/12/2018
5025;35;11/12/2018
5954;-8;12/12/2018
5302;34;13/12/2018
4524;26;14/12/2018
2474;31;15/12/2018
2861;22;16/12/2018
4679;29;17/12/2018
4864;24;18/12/2018
4367;26;19/12/2018
4324;39;20/12/2018
3419;18;21/12/2018
1910;17;22/12/2018
1872;22;23/12/2018
2086;19;24/12/2018
2089;25;25/12/2018
2919;24;26/12/2018
3120;29;27/12/2018
2603;20;28/12/2018
1720;24;29/12/2018
2028;17;30/12/2018
1777;10;31/12/2018
1878;12;01/01/2019
3861;29;02/01/2019
4175;17;03/01/2019
3556;15;04/01/2019
1967;16;05/01/2019
2499;24;06/01/2019
4917;75;07/01/2019
4891;84;08/01/2019
4795;42;09/01/2019
4314;67;10/01/2019
3967;47;11/01/2019
2228;25;12/01/2019
2485;29;13/01/2019
4695;35;14/01/2019
4435;43;15/01/2019
4757;34;16/01/2019
4661;40;17/01/2019
4533;22;18/01/2019
2468;15;19/01/2019
3003;28;20/01/2019
5219;34;21/01/2019
4932;38;22/01/2019
5708;65;23/01/2019
5607;38;24/01/2019
4660;30;25/01/2019
2666;28;26/01/2019
3042;17;27/01/2019
5386;27;28/01/2019
5367;46;29/01/2019
5931;44;30/01/2019
5316;20;31/01/2019
4414;26;01/02/2019
2368;26;02/02/2019
2874;34;03/02/2019
5277;20;04/02/2019
5006;38;05/02/2019
5746;37;06/02/2019
5151;31;07/02/2019
4440;30;08/02/2019
3015;37;09/02/2019
3198;23;10/02/2019
5463;32;11/02/2019
5273;50;12/02/2019
6325;33;13/02/2019
5791;38;14/02/2019
4985;42;15/02/2019
2877;30;16/02/2019
3273;27;17/02/2019
6063;46;18/02/2019
5709;30;19/02/2019
6368;29;20/02/2019
5627;47;21/02/2019
4719;31;22/02/2019
2955;32;23/02/2019
3340;35;24/02/2019
6088;33;25/02/2019
5532;38;26/02/2019
6649;42;27/02/2019
6105;53;28/02/2019
5072;32;01/03/2019
2907;40;02/03/2019
3497;26;03/03/2019
5732;36;04/03/2019
6037;43;05/03/2019
6059;36;06/03/2019
5505;34;07/03/2019
5139;25;08/03/2019
3156;31;09/03/2019
3203;21;10/03/2019
6161;37;11/03/2019
6276;48;12/03/2019
6976;44;13/03/2019
7256;59;14/03/2019
5752;53;15/03/2019
3237;27;16/03/2019
3606;32;17/03/2019
6976;43;18/03/2019
6487;130;19/03/2019
6517;55;20/03/2019
6199;48;21/03/2019
5506;33;22/03/2019
3164;30;23/03/2019
3406;31;24/03/2019
6673;42;25/03/2019
7086;50;26/03/2019
6979;48;27/03/2019
6733;50;28/03/2019
5691;48;29/03/2019
3108;32;30/03/2019
3323;19;31/03/2019
6103;32;01/04/2019
6146;45;02/04/2019
6917;53;03/04/2019
5945;50;04/04/2019
5335;32;05/04/2019
2713;27;06/04/2019
3003;32;07/04/2019
7346;56;08/04/2019
6509;48;09/04/2019
6701;37;10/04/2019
6702;51;11/04/2019
5883;55;12/04/2019
3759;35;13/04/2019
5082;39;14/04/2019
6833;42;15/04/2019
6513;47;16/04/2019
6629;47;17/04/2019
5234;45;18/04/2019
4482;28;19/04/2019
2798;24;20/04/2019
3061;23;21/04/2019
5176;41;22/04/2019
6126;38;23/04/2019
6827;48;24/04/2019
5943;51;25/04/2019
5373;47;26/04/2019
3124;28;27/04/2019
3184;27;28/04/2019
6989;43;29/04/2019
5958;45;30/04/2019
5746;38;01/05/2019
6008;46;02/05/2019
5565;38;03/05/2019
2610;29;04/05/2019
3380;42;05/05/2019
6524;40;06/05/2019
6206;47;07/05/2019
6520;44;08/05/2019
6250;43;09/05/2019
5513;32;10/05/2019
2815;43;11/05/2019
3126;23;12/05/2019
6438;59;13/05/2019
6227;52;14/05/2019
7596;48;15/05/2019
6677;37;16/05/2019
5824;44;17/05/2019
3150;41;18/05/2019
3747;41;19/05/2019
7515;51;20/05/2019
7456;42;21/05/2019
6937;49;22/05/2019
6308;56;23/05/2019
5577;43;24/05/2019
2979;36;25/05/2019
3259;22;26/05/2019
6065;34;27/05/2019
6306;44;28/05/2019
6939;48;29/05/2019
5571;46;30/05/2019
5421;43;31/05/2019
2392;27;01/06/2019
3096;26;02/06/2019
6008;40;03/06/2019
6048;41;04/06/2019
6569;44;05/06/2019
6502;46;06/06/2019
5708;24;07/06/2019
3157;31;08/06/2019
3518;27;09/06/2019
5997;38;10/06/2019
7209;56;11/06/2019
6716;43;12/06/2019
7040;41;13/06/2019
6164;37;14/06/2019
2731;38;15/06/2019
3122;18;16/06/2019
7212;52;17/06/2019
6808;60;18/06/2019
6928;32;19/06/2019
6249;55;20/06/2019
5314;41;21/06/2019
2584;32;22/06/2019
3195;25;23/06/2019
7573;47;24/06/2019
6910;54;25/06/2019
7360;60;26/06/2019
6295;52;27/06/2019
5517;41;28/06/2019
2727;30;29/06/2019
3207;25;30/06/2019
7104;32;01/07/2019
6574;53;02/07/2019
7055;36;03/07/2019
6256;46;04/07/2019
5444;46;05/07/2019
2712;26;06/07/2019
3380;32;07/07/2019
2;0;09/12/2014
11;0;10/12/2014
3;0;11/12/2014
1;0;14/12/2014
1;0;15/12/2014
1;0;16/12/2014
1;0;17/12/2014
1;0;18/12/2014
1;0;05/01/2015
2;0;22/01/2015
1;0;02/02/2015
1;0;05/02/2015
1;0;12/02/2015
2;0;13/02/2015
2;0;18/02/2015
1;0;23/02/2015
1;0;26/02/2015
1;0;09/03/2015
1;0;15/03/2015
1;0;20/03/2015
1;0;21/03/2015
1;0;28/03/2015
1;0;15/04/2015
1;0;16/04/2015
2;0;27/04/2015
1;0;04/05/2015
1;0;05/05/2015
1;0;06/05/2015
1;0;24/05/2015
1;0;28/05/2015
2;0;06/06/2015
1;0;22/06/2015
1;0;26/06/2015
1;0;28/06/2015
1;0;29/06/2015
2;0;07/07/2015
1;0;19/07/2015
1;0;27/07/2015
1;0;06/08/2015
1;0;21/08/2015
2;0;24/08/2015
1;0;03/09/2015
1;0;14/09/2015
1;0;24/09/2015
1;0;10/10/2015
1;0;18/10/2015
1;0;21/10/2015
1;0;16/11/2015
1;0;19/11/2015
1;0;25/11/2015
1;0;26/11/2015
1;0;29/11/2015
7;0;07/12/2015
3;0;08/12/2015
2;0;09/12/2015
1;0;10/12/2015
1;0;12/12/2015
2;0;14/12/2015
4;0;15/12/2015
5;0;16/12/2015
1;0;18/12/2015
1;0;21/12/2015
2;0;22/12/2015
1;0;27/12/2015
4;0;28/12/2015
1;0;29/12/2015
2;0;30/12/2015
1;0;02/01/2016
1;0;04/01/2016
3;0;05/01/2016
1;0;06/01/2016
1;0;08/01/2016
1;0;10/01/2016
1;0;11/01/2016
4;0;12/01/2016
4;0;13/01/2016
2;0;14/01/2016
1;0;16/01/2016
2;0;17/01/2016
1;0;18/01/2016
1;0;19/01/2016
1;0;20/01/2016
10;0;21/01/2016
2;0;22/01/2016
1;0;24/01/2016
2;0;25/01/2016
2;0;26/01/2016
13;0;27/01/2016
9;0;28/01/2016
3;0;29/01/2016
7;0;30/01/2016
8;0;31/01/2016
12;0;01/02/2016
10;0;02/02/2016
18;0;03/02/2016
13;0;04/02/2016
13;0;05/02/2016
8;0;06/02/2016
1;0;07/02/2016
8;0;08/02/2016
6;0;09/02/2016
7;0;10/02/2016
12;0;11/02/2016
10;0;12/02/2016
2;0;13/02/2016
6;0;14/02/2016
16;0;15/02/2016
27;0;16/02/2016
10;0;17/02/2016
21;0;19/02/2016
11;0;20/02/2016
3;0;21/02/2016
36;0;23/02/2016
20;0;24/02/2016
15;0;26/02/2016
3;0;27/02/2016
10;0;28/02/2016
6;0;29/02/2016
7;0;01/03/2016
12;0;02/03/2016
9;0;03/03/2016
19;0;04/03/2016
5;0;05/03/2016
17;0;06/03/2016
22;0;07/03/2016
18;0;08/03/2016
11;0;09/03/2016
15;0;10/03/2016
15;0;11/03/2016
7;0;12/03/2016
2;0;13/03/2016
7;0;14/03/2016
26;0;17/03/2016
20;0;18/03/2016
10;0;20/03/2016
17;0;22/03/2016
27;0;23/03/2016
20;0;24/03/2016
9;0;27/03/2016
14;0;28/03/2016
18;0;29/03/2016
25;0;30/03/2016
16;0;31/03/2016
27;0;01/04/2016
21;0;02/04/2016
10;0;03/04/2016
37;0;04/04/2016
29;0;05/04/2016
32;0;06/04/2016
28;0;07/04/2016
30;0;08/04/2016
20;0;09/04/2016
12;0;10/04/2016
26;0;11/04/2016
27;0;12/04/2016
19;0;13/04/2016
18;0;14/04/2016
23;0;15/04/2016
30;0;16/04/2016
15;0;17/04/2016
18;0;18/04/2016
22;0;19/04/2016
35;0;20/04/2016
12;0;23/04/2016
15;0;24/04/2016
24;0;25/04/2016
37;0;26/04/2016
51;0;27/04/2016
29;0;28/04/2016
32;0;29/04/2016
17;0;30/04/2016
29;0;01/05/2016
51;0;02/05/2016
58;0;03/05/2016
65;0;05/05/2016
22;0;07/05/2016
14;0;08/05/2016
48;0;09/05/2016
54;0;10/05/2016
57;0;12/05/2016
63;0;15/05/2016
60;0;16/05/2016
44;0;17/05/2016
56;0;19/05/2016
41;0;20/05/2016
11;0;21/05/2016
12;0;22/05/2016
73;0;23/05/2016
48;0;24/05/2016
64;0;25/05/2016
86;0;26/05/2016
58;0;27/05/2016
22;0;29/05/2016
62;0;30/05/2016
45;0;31/05/2016
46;0;03/06/2016
15;0;04/06/2016
53;0;06/06/2016
39;0;07/06/2016
35;0;09/06/2016
38;0;10/06/2016
19;0;11/06/2016
11;0;12/06/2016
58;0;13/06/2016
62;0;15/06/2016
68;0;16/06/2016
40;0;17/06/2016
25;0;18/06/2016
33;0;19/06/2016
53;0;21/06/2016
38;0;24/06/2016
30;0;25/06/2016
29;0;26/06/2016
51;0;30/06/2016
34;0;01/07/2016
11;0;03/07/2016
89;0;06/07/2016
63;0;07/07/2016
82;0;12/07/2016
100;0;13/07/2016
26;0;15/07/2016
38;0;20/07/2016
65;0;22/07/2016
14;0;23/07/2016
58;0;25/07/2016
87;0;28/07/2016
21;0;30/07/2016
33;0;31/07/2016
48;0;01/08/2016
62;0;02/08/2016
64;0;03/08/2016
49;0;04/08/2016
79;0;05/08/2016
34;0;06/08/2016
32;0;07/08/2016
56;0;10/08/2016
40;0;12/08/2016
75;0;15/08/2016
55;0;16/08/2016
101;0;17/08/2016
92;0;18/08/2016
45;0;21/08/2016
75;0;22/08/2016
106;0;26/08/2016
48;0;28/08/2016
156;0;30/08/2016
90;0;31/08/2016
